vid	ref_pwm	alt_pwm	dpwm	ref_pwm_pval_log10	alt_pwm_pval_log10	dpwm_rank_pval_log10
10-103854530-C-T	-17.58284	-17.75452	0.17168	2.08476	1.78634	0.60256
10-103854532-T-C	-17.58284	-18.20748	0.62465	2.08476	1.22236	1.9753
10-103854533-C-G	-17.58284	-17.24562	-0.33722	2.08476	2.74996	1.38796
10-103854534-G-A	-17.58284	-18.02722	0.44438	2.08476	1.38706	1.46567
10-104481102-G-A	-17.97491	-18.10655	0.13165	1.40982	1.32286	0.2169
10-104481107-A-G	-17.97491	-18.03455	0.05964	1.40982	1.36134	0.13883
10-113177436-G-A	-17.7183	-17.09366	-0.62465	1.84143	3.22805	3.55284
10-113177436-G-C	-17.7183	-17.7408	0.0225	1.84143	1.79953	0.12438
10-113177436-G-T	-17.7183	-17.73324	0.01494	1.84143	1.84013	0.00703
10-113177440-G-C	-17.7183	-18.4004	0.6821	1.84143	0.90817	2.21492
10-113177441-G-A	-17.7183	-18.27466	0.55636	1.84143	1.14463	1.46311
10-113177441-G-C	-17.7183	-18.32563	0.60732	1.84143	1.05808	1.70712
10-113177441-G-T	-17.7183	-18.25925	0.54095	1.84143	1.16175	1.41994
10-113361078-T-A	-17.47189	-17.7736	0.30171	2.23376	1.77571	0.91615
10-113361079-C-G	-17.47189	-18.16064	0.68875	2.23376	1.26548	2.34665
10-113361084-G-A	-17.47189	-18.15736	0.68547	2.23376	1.26827	2.33287
10-113361084-G-C	-17.47189	-18.15955	0.68766	2.23376	1.26548	2.34665
10-113361084-G-T	-17.47189	-18.15082	0.67893	2.23376	1.27811	2.28535
10-113361085-T-C	-17.47189	-17.50868	0.03679	2.23376	2.15971	0.19124
10-114683763-C-T	-18.12722	-18.22741	0.10019	1.29279	1.20363	0.22097
10-114683764-A-G	-18.12722	-17.60701	-0.52021	1.29279	2.0446	1.60916
10-118036292-A-G	-17.91845	-17.97809	0.05964	1.5012	1.40585	0.23277
10-118036299-C-T	-17.91845	-18.43866	0.52021	1.5012	0.87605	1.28667
10-118036301-G-C	-17.91845	-17.78389	-0.13456	1.5012	1.75984	0.52853
10-124222015-G-A	-18.26323	-18.78344	0.52021	1.15437	0.51779	1.31459
10-124222018-C-G	-18.26323	-18.69049	0.42726	1.15437	0.59554	1.13317
10-124222021-C-T	-18.26323	-17.63859	-0.62465	1.15437	1.97362	1.83231
10-124222022-G-A	-18.26323	-18.34775	0.08451	1.15437	1.02511	0.29664
10-124222024-C-T	-18.26323	-17.73598	-0.52725	1.15437	1.84013	1.43689
10-124222025-G-C	-18.26323	-18.25513	-0.0081	1.15437	1.16972	0.06206
10-125023490-C-T	-17.83372	-18.48958	0.65586	1.67173	0.80705	1.9788
10-125023491-G-A	-17.83372	-17.30646	-0.52725	1.67173	2.65719	2.41933
10-125023492-C-G	-17.83372	-17.97831	0.1446	1.67173	1.40585	0.542
10-125023493-C-T	-17.83372	-17.91823	0.08451	1.67173	1.5012	0.37077
10-125023494-G-A	-17.83372	-17.20907	-0.62465	1.67173	2.75639	2.68786
10-125023499-G-A	-17.83372	-18.39007	0.55636	1.67173	0.95632	1.51632
10-127471206-G-A	-17.99762	-18.51783	0.52021	1.39343	0.79	1.23258
10-127471215-T-G	-17.99762	-18.57951	0.58189	1.39343	0.69661	1.46311
10-127471217-G-A	-17.99762	-18.58821	0.59059	1.39343	0.68678	1.49223
10-128869158-T-G	-17.87568	-18.20453	0.32885	1.56252	1.22236	0.67938
10-128869160-C-T	-17.87568	-18.43204	0.55636	1.56252	0.8797	1.42806
10-128869164-C-A	-17.87568	-18.56114	0.68546	1.56252	0.71759	1.91238
10-128869170-G-A	-17.87568	-18.46627	0.59059	1.56252	0.82151	1.5811
10-128869176-C-T	-18.03061	-18.62121	0.59059	1.37537	0.65771	1.52376
10-128869177-C-T	-18.03061	-18.71608	0.68547	1.37537	0.57542	1.7651
10-128869178-G-A	-18.03061	-17.50336	-0.52725	1.37537	2.19343	1.83013
10-128869180-C-A	-18.03061	-18.30818	0.27757	1.37537	1.09485	0.56854
10-128869180-C-T	-18.03061	-18.11513	0.08451	1.37537	1.30623	0.18129
10-128869181-G-A	-18.03061	-17.40597	-0.62465	1.37537	2.42485	2.58211
10-128869181-G-C	-18.03061	-18.05311	0.0225	1.37537	1.35428	0.07687
10-128869182-G-A	-18.03061	-18.57664	0.54603	1.37537	0.69903	1.41278
10-128869182-G-T	-18.03061	-18.71607	0.68546	1.37537	0.57542	1.7651
10-128869187-C-T	-18.03061	-18.55082	0.52021	1.37537	0.73786	1.31712
10-128869188-G-A	-18.03061	-18.13081	0.10019	1.37537	1.28847	0.21676
10-16086615-C-G	-17.78817	-18.3947	0.60653	1.75984	0.95215	1.79189
10-16086622-G-A	-17.78817	-17.95986	0.17168	1.75984	1.4313	0.65798
10-16086628-T-A	-17.78817	-17.74165	-0.04652	1.75984	1.79653	0.11333
10-26269951-C-T	-17.93142	-18.60042	0.669	1.44887	0.67628	1.67286
10-26269953-C-T	-17.93142	-18.1031	0.17168	1.44887	1.32932	0.27913
10-26269956-A-G	-17.93142	-17.84691	-0.08451	1.44887	1.58395	0.30746
10-26269961-C-T	-17.93142	-18.06306	0.13165	1.44887	1.34604	0.2478
10-26882198-G-T	-17.51522	-17.99821	0.483	2.15971	1.39126	1.65731
10-26882199-C-A	-17.51522	-18.05616	0.54095	2.15971	1.35166	1.79386
10-26882200-C-A	-17.51522	-18.18856	0.67334	2.15971	1.2478	2.13571
10-26882200-C-T	-17.51522	-18.18421	0.669	2.15971	1.2574	2.11025
10-26882201-G-A	-17.51522	-17.21035	-0.30487	2.15971	2.75639	1.21825
10-26882203-T-A	-17.51522	-17.5174	0.00219	2.15971	2.15971	0.0
10-26882208-G-T	-17.51522	-18.19415	0.67893	2.15971	1.24322	2.14295
10-3065726-C-A	-17.37482	-18.05375	0.67893	2.42485	1.35428	2.62982
10-3065727-G-T	-17.37482	-17.34858	-0.02624	2.42485	2.42485	0.0
10-3065736-C-T	-17.37482	-17.67225	0.29743	2.42485	1.90864	1.03648
10-3065737-G-A	-17.37482	-17.47501	0.10019	2.42485	2.23376	0.40629
10-3065947-A-C	-17.79481	-18.3767	0.58189	1.72434	0.96974	1.61794
10-3065949-C-G	-17.79481	-18.13202	0.33722	1.72434	1.27956	0.8889
10-3065954-G-T	-17.79481	-18.46815	0.67334	1.72434	0.82046	2.11518
10-30812015-C-T	-17.9569	-17.85406	-0.10284	1.43538	1.57806	0.32093
10-30812016-C-G	-17.9569	-18.4672	0.5103	1.43538	0.82142	1.2591
10-30812020-C-T	-17.9569	-18.57641	0.61951	1.43538	0.69903	1.56957
10-35563481-C-G	-16.81892	-17.50657	0.68766	3.37726	2.17417	3.00623
10-35563488-C-T	-16.81892	-16.51405	-0.30487	3.37726	4.65782	3.20418
10-35563489-G-A	-16.81892	-17.48791	0.669	3.37726	2.21083	2.90344
10-35563491-C-T	-16.81892	-17.33912	0.52021	3.37726	2.44796	2.20424
10-35563492-G-A	-16.81892	-16.91911	0.10019	3.37726	3.22805	0.33217
10-43076514-C-A	-17.22507	-17.50264	0.27757	2.75639	2.19343	1.14348
10-43076516-G-A	-17.22507	-17.90834	0.68327	2.75639	1.50715	3.09804
10-43076517-A-G	-17.22507	-17.05339	-0.17168	2.75639	3.22805	0.94319
10-43076518-G-A	-17.22507	-17.60783	0.38276	2.75639	2.0446	1.50708
10-51370026-T-C	-17.44435	-18.06899	0.62465	2.28208	1.34387	2.23042
10-51370027-G-C	-17.44435	-17.78156	0.33722	2.28208	1.75984	1.04979
10-52232825-C-T	-18.47813	-19.14712	0.669	0.81295	0.25227	1.13781
10-52232827-C-A	-18.47813	-18.95152	0.47339	0.81295	0.38708	0.85141
10-52232827-C-T	-18.47813	-18.64981	0.17168	0.81295	0.62785	0.39623
10-52232831-C-T	-18.47813	-18.74701	0.26888	0.81295	0.55163	0.53396
10-52772241-C-T	-18.05618	-18.32742	0.27123	1.35166	1.05538	0.59845
10-52772244-T-A	-18.05618	-18.47011	0.41393	1.35166	0.81965	1.07264
10-62635270-G-A	-17.62653	-17.71105	0.08451	1.99371	1.84922	0.32446
10-69803481-C-A	-17.39957	-17.9693	0.56974	2.42485	1.41199	2.48844
10-72055084-G-A	-17.96496	-18.48517	0.52021	1.4206	0.80932	1.25096
10-82150671-C-G	-17.87514	-17.52744	-0.3477	1.56252	2.14728	1.19186
10-82150675-G-A	-17.87514	-18.14402	0.26888	1.56252	1.27956	0.57358
10-82150676-C-G	-17.87514	-18.21236	0.33722	1.56252	1.21632	0.69093
10-82150682-G-A	-17.87514	-18.4315	0.55636	1.56252	0.8797	1.42806
10-82150683-C-T	-17.87514	-18.39535	0.52021	1.56252	0.9103	1.35603
10-87082345-T-A	-18.33048	-18.1991	-0.13138	1.05251	1.22725	0.37862
10-87082346-C-T	-18.33048	-18.92107	0.59059	1.05251	0.41303	1.32239
10-87082347-C-T	-18.33048	-19.01594	0.68547	1.05251	0.33544	1.52202
10-87082348-G-A	-18.33048	-17.80322	-0.52725	1.05251	1.71687	1.38493
10-87082350-T-A	-18.33048	-18.52353	0.19306	1.05251	0.78421	0.54605
10-87082357-A-C	-18.33048	-17.84748	-0.483	1.05251	1.58395	1.07111
10-87082358-A-C	-18.33048	-18.65933	0.32885	1.05251	0.62389	0.85678
10-88402120-A-G	-18.15312	-18.68038	0.52725	1.27529	0.60863	1.39045
10-88402121-A-G	-18.15312	-17.88424	-0.26888	1.27529	1.55581	0.56854
10-88402123-A-G	-18.15312	-18.77777	0.62465	1.27529	0.51924	1.62299
10-90125704-T-G	-17.64843	-17.97728	0.32885	1.93633	1.40585	1.0692
10-90125706-C-T	-17.64843	-18.20478	0.55636	1.93633	1.22236	1.5124
10-91633078-C-T	-17.70844	-17.91324	0.20479	1.87315	1.50639	0.73138
10-91633079-C-A	-17.70844	-18.13316	0.42472	1.87315	1.27956	1.21182
10-91633079-C-T	-17.70844	-17.80864	0.10019	1.87315	1.71185	0.3548
10-91633080-G-A	-17.70844	-18.22865	0.52021	1.87315	1.20363	1.39674
10-91633081-G-C	-17.70844	-17.10112	-0.60732	1.87315	3.1866	3.30366
10-91633083-G-C	-17.70844	-17.28119	-0.42726	1.87315	2.65719	1.7096
10-91633084-C-T	-17.70844	-17.88012	0.17168	1.87315	1.55958	0.63132
10-91633086-T-C	-17.70844	-18.00232	0.29388	1.87315	1.38706	0.97267
10-91633088-G-A	-17.70844	-18.15282	0.44438	1.87315	1.27708	1.21729
10-91633088-G-C	-17.70844	-17.85304	0.1446	1.87315	1.57806	0.59592
10-91633091-G-A	-17.70844	-18.29904	0.59059	1.87315	1.1028	1.66176
10-91633092-C-T	-17.70844	-17.84009	0.13165	1.87315	1.58606	0.58066
10-91633335-G-C	-17.75826	-18.10595	0.3477	1.78634	1.32286	0.92705
10-91633336-C-T	-17.75826	-18.34885	0.59059	1.78634	1.0184	1.65594
10-91633337-A-C	-17.75826	-17.07932	-0.67893	1.78634	3.22805	3.75157
10-91633338-T-C	-17.75826	-17.83913	0.08087	1.78634	1.58861	0.41855
10-91633343-C-T	-17.75826	-17.75171	-0.00654	1.78634	1.79238	0.03253
10-91633344-G-A	-17.75826	-18.13706	0.3788	1.78634	1.27956	1.01552
10-91633357-G-A	-17.54515	-17.4855	-0.05964	2.13044	2.21083	0.20367
10-91633357-G-T	-17.54515	-17.29244	-0.2527	2.13044	2.65719	1.05985
10-91633361-G-A	-17.54515	-17.9279	0.38276	2.13044	1.45995	1.39917
10-91633361-G-C	-17.54515	-17.9724	0.42726	2.13044	1.4115	1.52723
10-91633362-A-G	-17.54515	-16.87615	-0.669	2.13044	3.28107	2.85668
10-91633365-G-A	-17.54515	-17.64534	0.10019	2.13044	1.96273	0.36632
10-97037814-G-C	-17.23172	-17.36628	0.13456	2.74996	2.42485	0.65204
10-97037816-G-A	-17.23172	-17.75193	0.52021	2.74996	1.78634	2.31897
10-97037955-C-T	-17.64956	-18.20591	0.55636	1.93633	1.22236	1.5124
10-97037959-C-T	-17.64956	-18.33283	0.68327	1.93633	1.04942	2.0588
11-110295823-A-G	-18.11092	-17.97928	-0.13165	1.19678	1.32254	0.30129
11-110295824-G-A	-18.11092	-18.07414	-0.03679	1.19678	1.21909	0.0835
11-110295825-C-T	-18.11092	-18.50192	0.391	1.19678	0.7549	0.92602
11-110295830-G-A	-18.11092	-18.7942	0.68327	1.19678	0.47711	1.65097
11-110295832-T-A	-18.11092	-18.37129	0.26037	1.19678	0.89166	0.63964
11-110328792-C-G	-17.83561	-18.52327	0.68766	1.55345	0.72796	1.9597
11-110328799-G-C	-17.83561	-18.26287	0.42726	1.55345	0.99079	1.2057
11-110328803-G-A	-17.83561	-17.93581	0.10019	1.55345	1.37984	0.39006
11-119320699-C-T	-17.90302	-18.49361	0.59059	1.40319	0.768	1.3979
11-119320702-G-C	-17.90302	-17.75842	-0.1446	1.40319	1.65456	0.53128
11-119320703-G-C	-17.90302	-17.5658	-0.33722	1.40319	1.93512	1.12788
11-119320704-G-C	-17.90302	-17.92552	0.0225	1.40319	1.38393	0.07601
11-119320706-G-T	-17.90302	-18.37641	0.47339	1.40319	0.88945	1.08339
11-119320708-G-A	-17.90302	-18.26915	0.36613	1.40319	0.98559	0.87488
11-119320708-G-C	-17.90302	-18.58512	0.6821	1.40319	0.67673	1.66922
11-119320708-G-T	-17.90302	-18.57636	0.67334	1.40319	0.68556	1.64104
11-119320709-G-C	-17.90302	-18.0344	0.13138	1.40319	1.26507	0.32356
11-119320711-G-T	-17.90302	-18.32774	0.42472	1.40319	0.93437	0.98351
11-119320802-A-C	-17.83306	-18.4802	0.64714	1.56911	0.77727	1.87466
11-119320803-G-A	-17.83306	-18.51633	0.68327	1.56911	0.73813	1.97448
11-119432618-A-T	-17.87648	-17.87213	-0.00435	1.51039	1.51391	0.02235
11-119432620-C-T	-17.87648	-18.04816	0.17168	1.51039	1.24887	0.55074
11-119888405-G-A	-17.4988	-17.88156	0.38276	2.06264	1.50865	1.18423
11-119888409-G-C	-17.4988	-17.92785	0.42905	2.06264	1.38274	1.52394
11-119888409-G-T	-17.4988	-17.92352	0.42472	2.06264	1.38393	1.51994
11-119888410-C-T	-17.4988	-17.88468	0.38587	2.06264	1.50865	1.18423
11-121446316-C-A	-17.94913	-18.3626	0.41348	1.36442	0.8942	0.98626
11-121446319-G-A	-17.94913	-18.6324	0.68327	1.36442	0.62907	1.70075
11-121446391-G-A	-18.15258	-18.32427	0.17168	1.13801	0.93805	0.43922
11-12856425-C-T	-17.57409	-18.25955	0.68547	1.90996	0.99654	2.2918
11-12856427-C-T	-17.57409	-17.78123	0.20714	1.90996	1.62237	0.60283
11-12856434-G-T	-17.57409	-18.11503	0.54095	1.90996	1.19186	1.64333
11-14015995-C-T	-17.69322	-17.61235	-0.08087	1.71551	1.8196	0.26048
11-14015996-G-A	-17.69322	-17.9621	0.26888	1.71551	1.34792	0.76824
11-14015996-G-T	-17.69322	-17.993	0.29978	1.71551	1.28634	0.89725
11-14016006-G-A	-17.69322	-17.89802	0.20479	1.71551	1.40824	0.64319
11-15252481-G-T	-18.06598	-18.74491	0.67893	1.23083	0.5131	1.6412
11-44286485-G-A	-16.43673	-16.56837	0.13165	4.41803	4.41803	0.0
11-44286492-G-T	-16.43673	-17.12218	0.68546	4.41803	3.07229	3.95647
11-44286495-G-A	-16.43673	-17.10572	0.669	4.41803	3.08853	3.84048
11-44286497-C-T	-16.43673	-16.95693	0.52021	4.41803	3.6544	1.79425
11-58640464-C-T	-17.49921	-18.0898	0.59059	2.06264	1.20862	2.04983
11-58640467-A-G	-17.49921	-17.23033	-0.26888	2.06264	2.5112	0.94167
11-59537895-C-A	-18.28201	-18.95536	0.67334	0.97172	0.34698	1.36583
11-59537900-A-G	-18.28201	-18.1975	-0.08451	0.97172	1.08885	0.2864
11-59537902-C-A	-18.28201	-18.25578	-0.02624	0.97172	1.00541	0.11021
11-59537903-G-A	-18.28201	-18.96748	0.68547	0.97172	0.34323	1.37498
11-59537941-G-A	-18.26728	-18.95275	0.68547	0.98559	0.34972	1.3996
11-64341880-C-A	-17.48746	-18.0572	0.56974	2.06264	1.24075	1.95241
11-64348413-G-A	-18.28197	-17.75472	-0.52725	0.97172	1.66881	1.58245
11-64348414-G-T	-18.28197	-18.50177	0.2198	0.97172	0.7549	0.47043
11-64348416-G-A	-18.28197	-17.65733	-0.62465	0.97172	1.73663	1.79974
11-64348423-A-C	-18.28197	-18.41512	0.13314	0.97172	0.85025	0.29324
11-65022250-G-C	-17.83797	-18.31791	0.47994	1.55212	0.9421	1.32918
11-65022252-G-A	-17.83797	-18.50697	0.669	1.55212	0.74711	1.90166
11-65022253-A-G	-17.83797	-17.28162	-0.55636	1.55212	2.37651	1.9585
11-69271024-C-T	-18.00606	-18.69152	0.68547	1.28103	0.55399	1.67101
11-69271036-A-G	-18.00606	-17.80126	-0.20479	1.28103	1.60474	0.67586
11-71945352-A-G	-17.66872	-17.39984	-0.26888	1.73663	2.25096	1.08558
11-71945358-G-A	-17.66872	-18.33772	0.669	1.73663	0.91529	1.94941
11-71945359-T-A	-17.66872	-17.68413	0.01541	1.73663	1.71551	0.08056
11-71945360-C-A	-17.66872	-18.15172	0.483	1.73663	1.14828	1.26994
11-73156720-G-A	-18.01814	-18.68714	0.669	1.26759	0.55734	1.61693
11-74725738-A-G	-17.89971	-17.76806	-0.13165	1.40824	1.64768	0.51072
11-74725742-G-A	-17.89971	-18.16859	0.26888	1.40824	1.12544	0.59295
11-74725750-C-T	-17.89971	-18.41992	0.52021	1.40824	0.84273	1.21528
11-74725971-C-T	-17.89058	-17.26593	-0.62465	1.50479	2.37651	2.12621
11-74725972-G-A	-17.89058	-17.97509	0.08451	1.50479	1.32607	0.39925
11-74725973-G-A	-17.89058	-18.3221	0.43152	1.50479	0.93932	1.21527
11-74725976-G-A	-17.89058	-18.48117	0.59059	1.50479	0.77727	1.67272
11-7513302-G-C	-17.25366	-17.94241	0.68875	2.5112	1.37146	3.21737
11-75462450-C-T	-18.19994	-18.88322	0.68327	1.07584	0.40408	1.49508
11-83572700-G-C	-18.04336	-18.17792	0.13456	1.25099	1.10894	0.33182
11-83572701-C-T	-18.04336	-18.14356	0.10019	1.25099	1.17163	0.20922
11-83572712-G-A	-18.04336	-18.72883	0.68547	1.25099	0.52274	1.67466
11-83572712-G-T	-18.04336	-18.7223	0.67893	1.25099	0.52921	1.65739
11-83572860-G-T	-18.02302	-18.70195	0.67893	1.2664	0.54618	1.65178
11-83572862-C-T	-18.02302	-18.15467	0.13165	1.2664	1.13651	0.30926
11-90588788-T-A	-18.18622	-18.37928	0.19306	1.0919	0.88587	0.44998
11-90588789-A-G	-18.18622	-18.81087	0.62465	1.0919	0.46543	1.37017
11-90588791-A-G	-18.18622	-18.01454	-0.17168	1.0919	1.27307	0.4041
11-90588796-A-C	-18.18622	-18.51507	0.32885	1.0919	0.73813	0.73593
11-93548681-G-A	-18.06011	-18.44287	0.38276	1.23646	0.81339	0.88549
11-93548683-G-A	-18.06011	-18.61647	0.55636	1.23646	0.64928	1.26642
11-96051020-A-C	-17.39196	-17.14065	-0.25131	2.25096	3.01932	1.81136
11-96051021-A-T	-17.39196	-17.06744	-0.32452	2.25096	3.08853	1.99421
11-96051024-C-T	-17.39196	-18.06096	0.669	2.25096	1.23485	2.66372
11-96051025-C-T	-17.39196	-17.77472	0.38276	2.25096	1.63945	1.3318
11-96051029-G-A	-17.39196	-17.47647	0.08451	2.25096	2.07358	0.39614
11-96051029-G-T	-17.39196	-17.66953	0.27757	2.25096	1.73663	1.08558
11-96051032-G-A	-17.39196	-18.07743	0.68547	2.25096	1.21381	2.73876
11-96051034-C-T	-17.39196	-17.52361	0.13165	2.25096	1.99706	0.53607
12-10268260-C-T	-17.8428	-18.51179	0.669	2.00138	0.9976	2.54502
12-10268263-C-G	-17.8428	-18.53154	0.68875	2.00138	0.95747	2.7796
12-10268263-C-T	-17.8428	-18.52607	0.68327	2.00138	0.98072	2.61205
12-10268265-A-G	-17.8428	-17.75828	-0.08451	2.00138	2.0651	0.17288
12-10268268-G-A	-17.8428	-18.52826	0.68547	2.00138	0.9739	2.64856
12-10268269-T-C	-17.8428	-17.87959	0.03679	2.00138	1.80948	0.41392
12-11717369-C-A	-18.10712	-18.58051	0.47339	1.51709	0.89049	1.28385
12-11717376-A-C	-18.10712	-18.12305	0.01593	1.51709	1.45828	0.16306
12-11822342-A-G	-17.86952	-18.39678	0.52725	1.81777	1.09542	1.55004
12-11822352-A-G	-17.86952	-17.76933	-0.10019	1.81777	2.0651	0.51186
12-21731387-C-A	-17.60176	-17.85308	0.25131	2.58483	1.83214	1.63497
12-21731389-G-T	-17.60176	-18.08476	0.483	2.58483	1.53646	2.78681
12-21731394-C-A	-17.60176	-18.28722	0.68546	2.58483	1.25112	3.71262
12-21731399-G-A	-17.60176	-18.28723	0.68547	2.58483	1.25112	3.71262
12-21731400-G-T	-17.60176	-18.1715	0.56974	2.58483	1.41498	3.22047
12-27132100-C-T	-17.52323	-18.07958	0.55636	2.58483	1.55645	2.65353
12-27132109-G-A	-17.52323	-18.20869	0.68547	2.58483	1.35073	3.38832
12-5026418-C-T	-18.05484	-18.22652	0.17168	1.63024	1.32244	0.62173
12-5026426-C-A	-18.05484	-18.31786	0.26303	1.63024	1.19311	0.87146
12-5026459-C-G	-18.43703	-18.55809	0.12105	1.05886	0.91758	0.32165
12-5026463-A-G	-18.43703	-18.7419	0.30487	1.05886	0.70689	0.70464
12-5026472-A-G	-18.43703	-18.5217	0.08467	1.05886	0.98467	0.1931
12-9378750-G-A	-17.18972	-17.74607	0.55636	3.30964	2.15117	3.20191
